"Country Name";"Country Code";"Indicator Name";"Indicator Code";"2014";"2015";"2016";"2017";"2018";"2019";"2020"
"Aruba";"ABW";"Population, total";"SP.POP.TOTL";103776;104339;104865;105361;105846;106310;106766
"Africa Eastern and Southern";"AFE";"Population, total";"SP.POP.TOTL";578075373;593871847;609978946;626392880;643090131;660046272;677243299
"Afghanistan";"AFG";"Population, total";"SP.POP.TOTL";33370804;34413603;35383028;36296111;37171922;38041757;38928341
"Africa Western and Central";"AFW";"Population, total";"SP.POP.TOTL";390882979;401586651;412551299;423769930;435229381;446911598;458803476
"Angola";"AGO";"Population, total";"SP.POP.TOTL";26941773;27884380;28842482;29816769;30809787;31825299;32866268
"Albania";"ALB";"Population, total";"SP.POP.TOTL";2889104;2880703;2876101;2873457;2866376;2854191;2837743
"Andorra";"AND";"Population, total";"SP.POP.TOTL";79213;77993;77295;76997;77008;77146;77265
"Arab World";"ARB";"Population, total";"SP.POP.TOTL";387899835;396028301;404042892;411942825;419851989;427870273;436080728
"United Arab Emirates";"ARE";"Population, total";"SP.POP.TOTL";9214182;9262896;9360975;9487206;9630966;9770526;9890400
"Argentina";"ARG";"Population, total";"SP.POP.TOTL";42669500;43131966;43590368;44044811;44494502;44938712;45376763
"Armenia";"ARM";"Population, total";"SP.POP.TOTL";2912403;2925559;2936147;2944789;2951741;2957728;2963234
"American Samoa";"ASM";"Population, total";"SP.POP.TOTL";55791;55806;55739;55617;55461;55312;55197
"Antigua and Barbuda";"ATG";"Population, total";"SP.POP.TOTL";92562;93571;94520;95425;96282;97115;97928
"Australia";"AUS";"Population, total";"SP.POP.TOTL";23475686;23815995;24190907;24601860;24982688;25365745;25687041
"Austria";"AUT";"Population, total";"SP.POP.TOTL";8546356;8642699;8736668;8797566;8840521;8879920;8917205
"Azerbaijan";"AZE";"Population, total";"SP.POP.TOTL";9535079;9649341;9757812;9854033;9939771;10024283;10093121
"Burundi";"BDI";"Population, total";"SP.POP.TOTL";9844301;10160034;10488002;10827010;11175379;11530577;11890781
"Belgium";"BEL";"Population, total";"SP.POP.TOTL";11209057;11274196;11331422;11375158;11427054;11488980;11555997
"Benin";"BEN";"Population, total";"SP.POP.TOTL";10286839;10575962;10872072;11175192;11485035;11801151;12123198
"Burkina Faso";"BFA";"Population, total";"SP.POP.TOTL";17586029;18110616;18646350;19193236;19751466;20321383;20903278
"Bangladesh";"BGD";"Population, total";"SP.POP.TOTL";154517385;156256287;157977151;159685421;161376713;163046173;164689383
"Bulgaria";"BGR";"Population, total";"SP.POP.TOTL";7223938;7177991;7127822;7075947;7025037;6975761;6934015
"Bahrain";"BHR";"Population, total";"SP.POP.TOTL";1336073;1371853;1425793;1494077;1569440;1641164;1701583
"Bahamas, The";"BHS";"Population, total";"SP.POP.TOTL";370625;374200;377923;381749;385635;389486;393248
"Bosnia and Herzegovina";"BIH";"Population, total";"SP.POP.TOTL";3482106;3429362;3386263;3351534;3323929;3300998;3280815
"Belarus";"BLR";"Population, total";"SP.POP.TOTL";9448515;9461076;9469379;9458989;9438785;9419758;9379952
"Belize";"BLZ";"Population, total";"SP.POP.TOTL";353366;360926;368399;375775;383071;390351;397621
"Bermuda";"BMU";"Population, total";"SP.POP.TOTL";65138;65237;64554;63873;63919;63913;63903
"Bolivia";"BOL";"Population, total";"SP.POP.TOTL";10706517;10869732;11031822;11192853;11353140;11513102;11673029
"Brazil";"BRA";"Population, total";"SP.POP.TOTL";202763744;204471759;206163056;207833825;209469320;211049519;212559409
"Barbados";"BRB";"Population, total";"SP.POP.TOTL";284825;285327;285798;286229;286640;287021;287371
"Brunei Darussalam";"BRN";"Population, total";"SP.POP.TOTL";409778;414914;419791;424481;428960;433296;437483
"Bhutan";"BTN";"Population, total";"SP.POP.TOTL";719053;727885;736706;745563;754396;763094;771612
"Botswana";"BWA";"Population, total";"SP.POP.TOTL";2088619;2120716;2159925;2205076;2254067;2303703;2351625
"Central African Republic";"CAF";"Population, total";"SP.POP.TOTL";4464171;4493171;4537683;4596023;4666375;4745179;4829764
"Canada";"CAN";"Population, total";"SP.POP.TOTL";35437435;35702908;36109487;36545295;37065178;37593384;38005238
"Central Europe and the Baltics";"CEB";"Population, total";"SP.POP.TOTL";103496179;103257886;102994278;102740078;102538451;102398537;102253057
"Switzerland";"CHE";"Population, total";"SP.POP.TOTL";8188649;8282396;8373338;8451840;8514329;8575280;8636896
"Channel Islands";"CHI";"Population, total";"SP.POP.TOTL";164107;165387;166922;168666;170496;172264;173859
"Chile";"CHL";"Population, total";"SP.POP.TOTL";17758969;17969356;18209072;18470435;18729166;18952035;19116209
"China";"CHN";"Population, total";"SP.POP.TOTL";1371860000;1379860000;1387790000;1396215000;1402760000;1407745000;1410929362
"Cote d'Ivoire";"CIV";"Population, total";"SP.POP.TOTL";22647672;23226148;23822726;24437475;25069226;25716554;26378275
"Cameroon";"CMR";"Population, total";"SP.POP.TOTL";22681853;23298376;23926549;24566070;25216261;25876387;26545864
"Congo, Dem. Rep.";"COD";"Population, total";"SP.POP.TOTL";73767445;76244532;78789130;81398765;84068092;86790568;89561404
"Congo, Rep.";"COG";"Population, total";"SP.POP.TOTL";4736965;4856093;4980996;5110701;5244363;5380504;5518092
"Colombia";"COL";"Population, total";"SP.POP.TOTL";46967706;47520667;48175048;48909844;49661056;50339443;50882884
"Comoros";"COM";"Population, total";"SP.POP.TOTL";759390;777435;795597;813890;832322;850891;869595
"Cabo Verde";"CPV";"Population, total";"SP.POP.TOTL";518276;524740;531140;537499;543764;549936;555988
"Costa Rica";"CRI";"Population, total";"SP.POP.TOTL";4795390;4847805;4899336;4949955;4999443;5047561;5094114
"Caribbean small states";"CSS";"Population, total";"SP.POP.TOTL";7173443;7222197;7269385;7314956;7358929;7401389;7442291
"Cuba";"CUB";"Population, total";"SP.POP.TOTL";11306909;11324777;11335108;11339255;11338146;11333484;11326616
"Curacao";"CUW";"Population, total";"SP.POP.TOTL";155909;157980;159664;160175;159336;157441;155014
"Cayman Islands";"CYM";"Population, total";"SP.POP.TOTL";60848;61721;62564;63382;64172;64948;65720
"Cyprus";"CYP";"Population, total";"SP.POP.TOTL";1152297;1160987;1170189;1179685;1189262;1198574;1207361
"Czech Republic";"CZE";"Population, total";"SP.POP.TOTL";10525347;10546059;10566332;10594438;10629928;10671870;10698896
"Germany";"DEU";"Population, total";"SP.POP.TOTL";80982500;81686611;82348669;82657002;82905782;83092962;83240525
"Djibouti";"DJI";"Population, total";"SP.POP.TOTL";898707;913998;929117;944100;958923;973557;988002
"Dominica";"DMA";"Population, total";"SP.POP.TOTL";71091;71175;71307;71460;71626;71808;71991
"Denmark";"DNK";"Population, total";"SP.POP.TOTL";5643475;5683483;5728010;5764980;5793636;5814422;5831404
"Dominican Republic";"DOM";"Population, total";"SP.POP.TOTL";10165182;10281675;10397738;10513111;10627147;10738957;10847904
"Algeria";"DZA";"Population, total";"SP.POP.TOTL";38923688;39728020;40551398;41389174;42228415;43053054;43851043
"East Asia & Pacific (excluding high income)";"EAP";"Population, total";"SP.POP.TOTL";2031185907;2046830024;2062232304;2077970870;2091680327;2103705075;2113820753
"Early-demographic dividend";"EAR";"Population, total";"SP.POP.TOTL";3079685581;3122156833;3164439749;3206485623;3248413593;3290291029;3332105361
"East Asia & Pacific";"EAS";"Population, total";"SP.POP.TOTL";2275075985;2291503725;2307625738;2323932848;2338223462;2350703749;2360855079
"Europe & Central Asia (excluding high income)";"ECA";"Population, total";"SP.POP.TOTL";407530837;410073645;412538477;414846200;416880073;418757748;420211696
"Europe & Central Asia";"ECS";"Population, total";"SP.POP.TOTL";902367876;906669764;910870489;914608312;918031055;920806339;923452178
"Ecuador";"ECU";"Population, total";"SP.POP.TOTL";15951832;16212022;16491116;16785356;17084359;17373657;17643060
"Egypt, Arab Rep.";"EGY";"Population, total";"SP.POP.TOTL";90424668;92442549;94447071;96442590;98423602;100388076;102334403
"Euro area";"EMU";"Population, total";"SP.POP.TOTL";338462234;339488382;340481755;341217243;341979171;342282081;342949773
"Eritrea";"ERI";"Population, total";"SP.POP.TOTL";;;;;;;
"Spain";"ESP";"Population, total";"SP.POP.TOTL";46480882;46444832;46484062;46593236;46797754;47133521;47351567
"Estonia";"EST";"Population, total";"SP.POP.TOTL";1314545;1315407;1315790;1317384;1321977;1326898;1331057
"Ethiopia";"ETH";"Population, total";"SP.POP.TOTL";98094264;100835453;103603461;106399926;109224410;112078727;114963583
"European Union";"EUU";"Population, total";"SP.POP.TOTL";443576675;444543761;445487730;446186344;446915113;447196538;447801418
"Fragile and conflict affected situations";"FCS";"Population, total";"SP.POP.TOTL";811249811;830536041;849739853;868954263;888488369;908739462;929989551
"Finland";"FIN";"Population, total";"SP.POP.TOTL";5461512;5479531;5495303;5508214;5515525;5521606;5530719
"Fiji";"FJI";"Population, total";"SP.POP.TOTL";866447;868632;872406;877460;883490;889955;896444
"France";"FRA";"Population, total";"SP.POP.TOTL";66312067;66548272;66724104;66918020;67101930;67248926;67391582
"Faroe Islands";"FRO";"Population, total";"SP.POP.TOTL";47965;48055;48173;48326;48497;48677;48865
"Micronesia, Fed. Sts.";"FSM";"Population, total";"SP.POP.TOTL";107444;108886;110215;111461;112640;113811;115021
"Gabon";"GAB";"Population, total";"SP.POP.TOTL";1883801;1947690;2007882;2064812;2119275;2172578;2225728
"United Kingdom";"GBR";"Population, total";"SP.POP.TOTL";64602298;65116219;65611593;66058859;66460344;66836327;67215293
"Georgia";"GEO";"Population, total";"SP.POP.TOTL";3719414;3725276;3727505;3728004;3726549;3720161;3714000
"Ghana";"GHA";"Population, total";"SP.POP.TOTL";27224480;27849203;28481947;29121464;29767108;30417858;31072945
"Gibraltar";"GIB";"Population, total";"SP.POP.TOTL";33726;33742;33738;33723;33715;33706;33691
"Guinea";"GIN";"Population, total";"SP.POP.TOTL";11150970;11432096;11738434;12067516;12414292;12771246;13132792
"Gambia, The";"GMB";"Population, total";"SP.POP.TOTL";2024037;2085860;2149134;2213900;2280092;2347696;2416664
"Guinea-Bissau";"GNB";"Population, total";"SP.POP.TOTL";1692433;1737207;1782434;1828146;1874304;1920917;1967998
"Equatorial Guinea";"GNQ";"Population, total";"SP.POP.TOTL";1122273;1168575;1215181;1262008;1308966;1355982;1402985
"Greece";"GRC";"Population, total";"SP.POP.TOTL";10892413;10820883;10775971;10754679;10732882;10721582;10715549
"Grenada";"GRD";"Population, total";"SP.POP.TOTL";108900;109603;110263;110874;111449;112002;112519
"Greenland";"GRL";"Population, total";"SP.POP.TOTL";56295;56114;56186;56172;56023;56225;56367
"Guatemala";"GTM";"Population, total";"SP.POP.TOTL";15306316;15567419;15827690;16087418;16346950;16604026;16858333
"Guam";"GUM";"Population, total";"SP.POP.TOTL";161007;161851;162948;164281;165770;167295;168783
"Guyana";"GUY";"Population, total";"SP.POP.TOTL";763371;767433;771363;775218;779007;782775;786559
"High income";"HIC";"Population, total";"SP.POP.TOTL";1180423771;1187317397;1194191812;1200273639;1205941621;1210795776;1214930230
"Hong Kong SAR, China";"HKG";"Population, total";"SP.POP.TOTL";7229500;7291300;7336600;7391700;7451000;7507400;7481800
"Honduras";"HND";"Population, total";"SP.POP.TOTL";8955579;9112904;9270794;9429016;9587523;9746115;9904608
"Heavily indebted poor countries (HIPC)";"HPC";"Population, total";"SP.POP.TOTL";698336663;718128408;738387077;759106118;780234453;801708019;823480038
"Croatia";"HRV";"Population, total";"SP.POP.TOTL";4238389;4203604;4174349;4124531;4087843;4065253;4047200
"Haiti";"HTI";"Population, total";"SP.POP.TOTL";10549007;10695540;10839976;10982367;11123183;11263079;11402533
"Hungary";"HUN";"Population, total";"SP.POP.TOTL";9866468;9843028;9814023;9787966;9775564;9771141;9749763
"IBRD only";"IBD";"Population, total";"SP.POP.TOTL";4612371789;4657516187;4701907494;4746018766;4787343661;4826259460;4862388283
"IDA & IBRD total";"IBT";"Population, total";"SP.POP.TOTL";6105863361;6184735051;6263736146;6343292514;6420905201;6496952025;6570991956
"IDA total";"IDA";"Population, total";"SP.POP.TOTL";1493491572;1527218864;1561828652;1597273748;1633561540;1670692565;1708603673
"IDA blend";"IDB";"Population, total";"SP.POP.TOTL";501146189;512877239;524794580;536871945;549127807;561571929;574159138
"Indonesia";"IDN";"Population, total";"SP.POP.TOTL";255128076;258383257;261556386;264650969;267670549;270625567;273523621
"IDA only";"IDX";"Population, total";"SP.POP.TOTL";992345383;1014341625;1037034072;1060401803;1084433733;1109120636;1134444535
"Isle of Man";"IMN";"Population, total";"SP.POP.TOTL";83488;83232;83296;83610;84073;84589;85032
"India";"IND";"Population, total";"SP.POP.TOTL";1295600768;1310152392;1324517250;1338676779;1352642283;1366417756;1380004385
"Not classified";"INX";"Population, total";"SP.POP.TOTL";;;;;;;
"Ireland";"IRL";"Population, total";"SP.POP.TOTL";4657740;4701957;4755335;4807388;4867316;4934340;4994724
"Iran, Islamic Rep.";"IRN";"Population, total";"SP.POP.TOTL";77465769;78492208;79563991;80673888;81800204;82913893;83992953
"Iraq";"IRQ";"Population, total";"SP.POP.TOTL";34411949;35572269;36610632;37552789;38433604;39309789;40222503
"Iceland";"ISL";"Population, total";"SP.POP.TOTL";327386;330815;335439;343400;352721;360563;366425
"Israel";"ISR";"Population, total";"SP.POP.TOTL";8215700;8380100;8546000;8713300;8882800;9054000;9216900
"Italy";"ITA";"Population, total";"SP.POP.TOTL";60789140;60730582;60627498;60536709;60421760;59729081;59554023
"Jamaica";"JAM";"Population, total";"SP.POP.TOTL";2875137;2891024;2906242;2920848;2934853;2948277;2961161
"Jordan";"JOR";"Population, total";"SP.POP.TOTL";8918822;9266573;9554286;9785840;9965322;10101697;10203140
"Japan";"JPN";"Population, total";"SP.POP.TOTL";127276000;127141000;126994511;126785797;126529100;126264931;125836021
"Kazakhstan";"KAZ";"Population, total";"SP.POP.TOTL";17288285;17542806;17794055;18037776;18276452;18513673;18754440
"Kenya";"KEN";"Population, total";"SP.POP.TOTL";46700063;47878339;49051531;50221146;51392570;52573967;53771300
"Kyrgyz Republic";"KGZ";"Population, total";"SP.POP.TOTL";5835500;5956900;6079500;6198200;6322800;6456200;6591600
"Cambodia";"KHM";"Population, total";"SP.POP.TOTL";15274506;15521435;15766290;16009413;16249795;16486542;16718971
"Kiribati";"KIR";"Population, total";"SP.POP.TOTL";109387;110927;112529;114153;115842;117608;119446
"St. Kitts and Nevis";"KNA";"Population, total";"SP.POP.TOTL";50776;51204;51629;52036;52438;52834;53192
"Korea, Rep.";"KOR";"Population, total";"SP.POP.TOTL";50746659;51014947;51217803;51361911;51606633;51709098;51780579
"Kuwait";"KWT";"Population, total";"SP.POP.TOTL";3690939;3835588;3956862;4056102;4137314;4207077;4270563
"Latin America & Caribbean (excluding high income)";"LAC";"Population, total";"SP.POP.TOTL";558534202;564618410;570838477;577151682;583432088;589503742;595242966
"Lao PDR";"LAO";"Population, total";"SP.POP.TOTL";6639763;6741160;6845848;6953031;7061498;7169456;7275556
"Lebanon";"LBN";"Population, total";"SP.POP.TOTL";6261046;6532681;6714281;6819373;6859408;6855709;6825442
"Liberia";"LBR";"Population, total";"SP.POP.TOTL";4359508;4472229;4586788;4702224;4818976;4937374;5057677
"Libya";"LBY";"Population, total";"SP.POP.TOTL";6362039;6418315;6492160;6580723;6678565;6777453;6871287
"St. Lucia";"LCA";"Population, total";"SP.POP.TOTL";178307;179131;180028;180955;181890;182795;183629
"Latin America & Caribbean";"LCN";"Population, total";"SP.POP.TOTL";615999056;622301041;628493594;634566052;640483586;646430786;652276325
"Least developed countries: UN classification";"LDC";"Population, total";"SP.POP.TOTL";919222955;941131317;963519718;986385402;1009691252;1033388868;1057438163
"Low income";"LIC";"Population, total";"SP.POP.TOTL";569367413;584084928;599290280;614965124;631147232;647870823;665149035
"Liechtenstein";"LIE";"Population, total";"SP.POP.TOTL";37219;37465;37655;37805;37918;38020;38137
"Sri Lanka";"LKA";"Population, total";"SP.POP.TOTL";20778000;20970000;21203000;21444000;21670000;21803000;21919000
"Lower middle income";"LMC";"Population, total";"SP.POP.TOTL";3058248975;3103569257;3149022555;3194517542;3240031866;3285416867;3330652547
"Low & middle income";"LMY";"Population, total";"SP.POP.TOTL";6051379799;6130279781;6209526269;6289507340;6367625423;6444060654;6518253973
"Lesotho";"LSO";"Population, total";"SP.POP.TOTL";2043448;2059011;2075041;2091532;2108327;2125267;2142252
"Late-demographic dividend";"LTE";"Population, total";"SP.POP.TOTL";2241445370;2256036257;2270527108;2285348589;2297874675;2308520883;2316679176
"Lithuania";"LTU";"Population, total";"SP.POP.TOTL";2932367;2904910;2868231;2828403;2801543;2794137;2794700
"Luxembourg";"LUX";"Population, total";"SP.POP.TOTL";556319;569604;582014;596336;607950;620001;632275
"Latvia";"LVA";"Population, total";"SP.POP.TOTL";1993782;1977527;1959537;1942248;1927174;1913822;1901548
"Macao SAR, China";"MAC";"Population, total";"SP.POP.TOTL";590210;602093;612824;622578;631633;640446;649342
"St. Martin (French part)";"MAF";"Population, total";"SP.POP.TOTL";36018;35865;36061;36569;37264;38002;38659
"Morocco";"MAR";"Population, total";"SP.POP.TOTL";34192358;34663608;35126274;35581257;36029089;36471766;36910558
"Monaco";"MCO";"Population, total";"SP.POP.TOTL";37320;37723;38070;38392;38682;38967;39244
"Moldova";"MDA";"Population, total";"SP.POP.TOTL";2856950;2834530;2802170;2755158;2708214;2664974;2620495
"Madagascar";"MDG";"Population, total";"SP.POP.TOTL";23589897;24234080;24894370;25570511;26262313;26969306;27691019
"Maldives";"MDV";"Population, total";"SP.POP.TOTL";435018;454914;475505;496398;515704;530957;540542
"Middle East & North Africa";"MEA";"Population, total";"SP.POP.TOTL";417924350;425821771;433616042;441298977;448974232;456709496;464554123
"Mexico";"MEX";"Population, total";"SP.POP.TOTL";120355137;121858251;123333379;124777326;126190782;127575529;128932753
"Marshall Islands";"MHL";"Population, total";"SP.POP.TOTL";57183;57444;57723;58053;58412;58791;59194
"Middle income";"MIC";"Population, total";"SP.POP.TOTL";5482012386;5546194853;5610235989;5674542216;5736478191;5796189831;5853104938
"North Macedonia";"MKD";"Population, total";"SP.POP.TOTL";2067471;2070226;2072490;2074502;2076217;2076694;2072531
"Mali";"MLI";"Population, total";"SP.POP.TOTL";16934213;17438772;17965448;18512429;19077755;19658023;20250834
"Malta";"MLT";"Population, total";"SP.POP.TOTL";434558;445053;455356;467999;484630;504062;525285
"Myanmar";"MMR";"Population, total";"SP.POP.TOTL";52280816;52680724;53045199;53382521;53708318;54045422;54409794
"Middle East & North Africa (excluding high income)";"MNA";"Population, total";"SP.POP.TOTL";357629838;363975556;370294017;376588457;382955167;389457075;396147843
"Montenegro";"MNE";"Population, total";"SP.POP.TOTL";621810;622159;622303;622373;622227;622028;621306
"Mongolia";"MNG";"Population, total";"SP.POP.TOTL";2940111;2998433;3056358;3113788;3170214;3225166;3278292
"Northern Mariana Islands";"MNP";"Population, total";"SP.POP.TOTL";55301;55779;56187;56553;56889;57213;57557
"Mozambique";"MOZ";"Population, total";"SP.POP.TOTL";26286192;27042001;27829930;28649007;29496009;30366043;31255435
"Mauritania";"MRT";"Population, total";"SP.POP.TOTL";3930894;4046304;4163532;4282582;4403312;4525698;4649660
"Mauritius";"MUS";"Population, total";"SP.POP.TOTL";1260934;1262605;1263473;1264613;1265303;1265711;1265740
"Malawi";"MWI";"Population, total";"SP.POP.TOTL";16289550;16745305;17205253;17670193;18143215;18628749;19129955
"Malaysia";"MYS";"Population, total";"SP.POP.TOTL";29866606;30270965;30684652;31104655;31528033;31949789;32365998
"North America";"NAC";"Population, total";"SP.POP.TOTL";353888902;356507139;359245796;361731296;363967296;365987250;367553264
"Namibia";"NAM";"Population, total";"SP.POP.TOTL";2273426;2314901;2358044;2402623;2448300;2494524;2540916
"New Caledonia";"NCL";"Population, total";"SP.POP.TOTL";268050;268700;269350;270000;270650;271300;271960
"Niger";"NER";"Population, total";"SP.POP.TOTL";19240182;20001663;20788789;21602388;22442831;23310719;24206636
"Nigeria";"NGA";"Population, total";"SP.POP.TOTL";176404931;181137454;185960244;190873247;195874685;200963603;206139587
"Nicaragua";"NIC";"Population, total";"SP.POP.TOTL";6142734;6223234;6303970;6384843;6465502;6545503;6624554
"Netherlands";"NLD";"Population, total";"SP.POP.TOTL";16865008;16939923;17030314;17131296;17231624;17344874;17441139
"Norway";"NOR";"Population, total";"SP.POP.TOTL";5137232;5188607;5234519;5276968;5311916;5347896;5379475
"Nepal";"NPL";"Population, total";"SP.POP.TOTL";26905982;27015033;27263430;27632682;28095712;28608715;29136808
"Nauru";"NRU";"Population, total";"SP.POP.TOTL";10289;10374;10474;10577;10678;10764;10834
"New Zealand";"NZL";"Population, total";"SP.POP.TOTL";4516500;4609400;4714100;4813600;4900600;4979300;5084300
"OECD members";"OED";"Population, total";"SP.POP.TOTL";1324034852;1332787383;1341701902;1350048436;1358019416;1364841892;1370858752
"Oman";"OMN";"Population, total";"SP.POP.TOTL";4027255;4267341;4479217;4665926;4829476;4974992;5106622
"Other small states";"OSS";"Population, total";"SP.POP.TOTL";28364446;28948893;29542903;30148954;30760469;31361259;31941374
"Pakistan";"PAK";"Population, total";"SP.POP.TOTL";195305012;199426953;203631356;207906210;212228288;216565317;220892331
"Panama";"PAN";"Population, total";"SP.POP.TOTL";3901311;3968490;4037073;4106764;4176868;4246440;4314768
"Peru";"PER";"Population, total";"SP.POP.TOTL";30090372;30470739;30926036;31444299;31989265;32510462;32971846
"Philippines";"PHL";"Population, total";"SP.POP.TOTL";100513137;102113206;103663812;105172921;106651394;108116622;109581085
"Palau";"PLW";"Population, total";"SP.POP.TOTL";17625;17665;17718;17809;17911;18001;18092
"Papua New Guinea";"PNG";"Population, total";"SP.POP.TOTL";7946733;8107772;8271766;8438038;8606324;8776119;8947027
"Poland";"POL";"Population, total";"SP.POP.TOTL";38011735;37986412;37970087;37974826;37974750;37965475;37950802
"Pre-demographic dividend";"PRE";"Population, total";"SP.POP.TOTL";821931559;845759372;869943573;894512378;919485090;944902748;970795671
"Puerto Rico";"PRI";"Population, total";"SP.POP.TOTL";3534874;3473232;3406672;3325286;3193354;3193694;3194034
"Korea, Dem. People's Rep.";"PRK";"Population, total";"SP.POP.TOTL";25057793;25183832;25307665;25429816;25549606;25666158;25778815
"Portugal";"PRT";"Population, total";"SP.POP.TOTL";10401062;10358076;10325452;10300300;10283822;10286263;10305564
"Paraguay";"PRY";"Population, total";"SP.POP.TOTL";6599524;6688746;6777878;6867058;6956069;7044639;7132530
"West Bank and Gaza";"PSE";"Population, total";"SP.POP.TOTL";4173398;4270092;4367088;4454805;4569087;4685306;4803269
"Pacific island small states";"PSS";"Population, total";"SP.POP.TOTL";2323558;2353578;2385744;2419767;2455336;2491878;2528958
"Post-demographic dividend";"PST";"Population, total";"SP.POP.TOTL";1092062242;1096949064;1101834188;1105944222;1109750489;1112709542;1115104266
"French Polynesia";"PYF";"Population, total";"SP.POP.TOTL";271713;273119;274576;276108;277673;279285;280904
"Qatar";"QAT";"Population, total";"SP.POP.TOTL";2459202;2565708;2654379;2724727;2781682;2832071;2881060
"Romania";"ROU";"Population, total";"SP.POP.TOTL";19908979;19815616;19702267;19588715;19473970;19371648;19286123
"Russian Federation";"RUS";"Population, total";"SP.POP.TOTL";143819667;144096870;144342397;144496739;144477859;144406261;144104080
"Rwanda";"RWA";"Population, total";"SP.POP.TOTL";11083629;11369066;11668829;11980960;12301969;12626938;12952209
"South Asia";"SAS";"Population, total";"SP.POP.TOTL";1727632022;1749417067;1771187426;1792883164;1814455018;1835776769;1856882402
"Saudi Arabia";"SAU";"Population, total";"SP.POP.TOTL";30916603;31717676;32443443;33101183;33702757;34268529;34813867
"Sudan";"SDN";"Population, total";"SP.POP.TOTL";37977657;38902948;39847433;40813398;41801532;42813237;43849269
"Senegal";"SEN";"Population, total";"SP.POP.TOTL";14174740;14578450;14993514;15419354;15854324;16296362;16743930
"Singapore";"SGP";"Population, total";"SP.POP.TOTL";5469724;5535002;5607283;5612253;5638676;5703569;5685807
"Solomon Islands";"SLB";"Population, total";"SP.POP.TOTL";587079;603133;619438;636030;652856;669821;686878
"Sierra Leone";"SLE";"Population, total";"SP.POP.TOTL";7017153;7171909;7328846;7488427;7650149;7813207;7976985
"El Salvador";"SLV";"Population, total";"SP.POP.TOTL";6295124;6325121;6356137;6388124;6420740;6453550;6486201
"San Marino";"SMR";"Population, total";"SP.POP.TOTL";32941;33270;33503;33671;33784;33864;33938
"Somalia";"SOM";"Population, total";"SP.POP.TOTL";13423571;13797204;14185635;14589165;15008225;15442906;15893219
"Serbia";"SRB";"Population, total";"SP.POP.TOTL";7130576;7095383;7058322;7020858;6982604;6945235;6908224
"Sub-Saharan Africa (excluding high income)";"SSA";"Population, total";"SP.POP.TOTL";968866993;995365079;1022435568;1050066967;1078222750;1106860245;1135948313
"South Sudan";"SSD";"Population, total";"SP.POP.TOTL";10554882;10715657;10832520;10910774;10975924;11062114;11193729
"Sub-Saharan Africa";"SSF";"Population, total";"SP.POP.TOTL";968958352;995458498;1022530245;1050162810;1078319512;1106957870;1136046775
"Small states";"SST";"Population, total";"SP.POP.TOTL";37861447;38524668;39198032;39883677;40574734;41254526;41912623
"Sao Tome and Principe";"STP";"Population, total";"SP.POP.TOTL";195727;199439;203221;207086;211032;215048;219161
"Suriname";"SUR";"Population, total";"SP.POP.TOTL";553278;559136;564883;570501;575987;581363;586634
"Slovak Republic";"SVK";"Population, total";"SP.POP.TOTL";5418649;5423801;5430798;5439232;5446771;5454147;5458827
"Slovenia";"SVN";"Population, total";"SP.POP.TOTL";2061980;2063531;2065042;2066388;2073894;2088385;2100126
"Sweden";"SWE";"Population, total";"SP.POP.TOTL";9696110;9799186;9923085;10057698;10175214;10278887;10353442
"Eswatini";"SWZ";"Population, total";"SP.POP.TOTL";1095022;1104038;1113994;1124808;1136274;1148133;1160164
"Sint Maarten (Dutch part)";"SXM";"Population, total";"SP.POP.TOTL";37685;38825;39969;40574;40654;40733;40812
"Seychelles";"SYC";"Population, total";"SP.POP.TOTL";91359;93419;94677;95843;96762;97625;98462
"Syrian Arab Republic";"SYR";"Population, total";"SP.POP.TOTL";18710711;17997411;17465567;17095669;16945062;17070132;17500657
"Turks and Caicos Islands";"TCA";"Population, total";"SP.POP.TOTL";35371;35979;36558;37116;37667;38194;38718
"Chad";"TCD";"Population, total";"SP.POP.TOTL";13663562;14110971;14561658;15016761;15477727;15946882;16425859
"East Asia & Pacific (IDA & IBRD countries)";"TEA";"Population, total";"SP.POP.TOTL";2006100237;2021618425;2036897092;2052513823;2066103849;2078012370;2088015667
"Europe & Central Asia (IDA & IBRD countries)";"TEC";"Population, total";"SP.POP.TOTL";449780961;452263661;454682913;456945557;458942666;460788476;462209698
"Togo";"TGO";"Population, total";"SP.POP.TOTL";7137997;7323162;7509952;7698476;7889095;8082359;8278737
"Thailand";"THA";"Population, total";"SP.POP.TOTL";68438748;68714519;68971313;69209817;69428454;69625581;69799978
"Tajikistan";"TJK";"Population, total";"SP.POP.TOTL";8252828;8454019;8663575;8880270;9100847;9321023;9537642
"Turkmenistan";"TKM";"Population, total";"SP.POP.TOTL";5466324;5565283;5662371;5757667;5850902;5942094;6031187
"Latin America & the Caribbean (IDA & IBRD countries)";"TLA";"Population, total";"SP.POP.TOTL";599935349;606271936;612511541;618653508;624698076;630644771;636492840
"Timor-Leste";"TLS";"Population, total";"SP.POP.TOTL";1174333;1196294;1219289;1243260;1267975;1293120;1318442
"Middle East & North Africa (IDA & IBRD countries)";"TMN";"Population, total";"SP.POP.TOTL";353456440;359705464;365926929;372133652;378386080;384771769;391344574
"Tonga";"TON";"Population, total";"SP.POP.TOTL";101023;100780;101143;102002;103199;104497;105697
"South Asia (IDA & IBRD)";"TSA";"Population, total";"SP.POP.TOTL";1727632022;1749417067;1771187426;1792883164;1814455018;1835776769;1856882402
"Sub-Saharan Africa (IDA & IBRD countries)";"TSS";"Population, total";"SP.POP.TOTL";968958352;995458498;1022530245;1050162810;1078319512;1106957870;1136046775
"Trinidad and Tobago";"TTO";"Population, total";"SP.POP.TOTL";1362337;1370332;1377563;1384060;1389841;1394969;1399491
"Tunisia";"TUN";"Population, total";"SP.POP.TOTL";11063195;11179951;11303942;11433438;11565203;11694721;11818618
"Turkey";"TUR";"Population, total";"SP.POP.TOTL";77229262;78529413;79827868;81116451;82340090;83429607;84339067
"Tuvalu";"TUV";"Population, total";"SP.POP.TOTL";10973;11099;11232;11365;11505;11655;11792
"Tanzania";"TZA";"Population, total";"SP.POP.TOTL";49960563;51482638;53049231;54660345;56313444;58005461;59734213
"Uganda";"UGA";"Population, total";"SP.POP.TOTL";36911530;38225447;39649173;41166588;42729032;44269587;45741000
"Ukraine";"UKR";"Population, total";"SP.POP.TOTL";45272155;45154036;45004673;44831135;44622518;44386203;44134693
"Upper middle income";"UMC";"Population, total";"SP.POP.TOTL";2423763411;2442625596;2461213434;2480024674;2496446325;2510772964;2522452391
"Uruguay";"URY";"Population, total";"SP.POP.TOTL";3400439;3412013;3424139;3436645;3449290;3461731;3473727
"United States";"USA";"Population, total";"SP.POP.TOTL";318386329;320738994;323071755;325122128;326838199;328329953;329484123
"Uzbekistan";"UZB";"Population, total";"SP.POP.TOTL";30757700;31298900;31847900;32388600;32956100;33580350;34232050
"St. Vincent and the Grenadines";"VCT";"Population, total";"SP.POP.TOTL";108868;109135;109467;109826;110210;110593;110947
"Venezuela, RB";"VEN";"Population, total";"SP.POP.TOTL";30042973;30081827;29851249;29402480;28887117;28515829;28435943
"British Virgin Islands";"VGB";"Population, total";"SP.POP.TOTL";28985;29148;29355;29567;29795;30033;30237
"Virgin Islands (U.S.)";"VIR";"Population, total";"SP.POP.TOTL";107882;107712;107516;107281;107001;106669;106290
"Vietnam";"VNM";"Population, total";"SP.POP.TOTL";91713850;92677082;93640435;94600643;95545959;96462108;97338583
"Vanuatu";"VUT";"Population, total";"SP.POP.TOTL";263888;271128;278326;285499;292675;299882;307150
"World";"WLD";"Population, total";"SP.POP.TOTL";7261846543;7347679005;7433569330;7519183459;7602454161;7683372259;7761620146
"Samoa";"WSM";"Population, total";"SP.POP.TOTL";192220;193510;194540;195358;196128;197093;198410
"Kosovo";"XKX";"Population, total";"SP.POP.TOTL";1812771;1788196;1777557;1791003;1797085;1788878;1775378
"Yemen, Rep.";"YEM";"Population, total";"SP.POP.TOTL";25823488;26497881;27168210;27834811;28498683;29161922;29825968
"South Africa";"ZAF";"Population, total";"SP.POP.TOTL";54544184;55386369;56207649;57009751;57792520;58558267;59308690
"Zambia";"ZMB";"Population, total";"SP.POP.TOTL";15399793;15879370;16363449;16853608;17351714;17861034;18383956
"Zimbabwe";"ZWE";"Population, total";"SP.POP.TOTL";13586710;13814642;14030338;14236599;14438812;14645473;14862927
